{
  "project_info": {
    "project_number": "77700137382",
    "firebase_url": "https://ipnacional-d8b05.firebaseio.com",
    "project_id": "ipnacional-d8b05",
    "storage_bucket": "ipnacional-d8b05.appspot.com"
  },
  "client": [
    {
      "client_info": {
        "mobilesdk_app_id": "1:77700137382:android:dbf6c8d728f718ee2ccf67",
        "android_client_info": {
          "package_name": "br.com.calvin"
        }
      },
      "oauth_client": [
        {
          "client_id": "77700137382-4m75gf3sq0184fntdt1mov2786u1d875.apps.googleusercontent.com",
          "client_type": 3
        }
      ],
      "api_key": [
        {
          "current_key": "AIzaSyB8RM0TmVYd_p9Ko0XBR_X3bpd3DNp7Axo"
        }
      ],
      "services": {
        "appinvite_service": {
          "other_platform_oauth_client": [
            {
              "client_id": "77700137382-4m75gf3sq0184fntdt1mov2786u1d875.apps.googleusercontent.com",
              "client_type": 3
            }
          ]
        }
      }
    }
  ],
  "configuration_version": "1"
}