{
  "project_info": {
    "project_number": "936344923382",
    "firebase_url": "https://ipbp-44193.firebaseio.com",
    "project_id": "ipbp-44193",
    "storage_bucket": "ipbp-44193.appspot.com"
  },
  "client": [
    {
      "client_info": {
        "mobilesdk_app_id": "1:936344923382:android:9458a53fc04f71860d10d7",
        "android_client_info": {
          "package_name": "br.com.getit.calvin.ipbp"
        }
      },
      "oauth_client": [
        {
          "client_id": "936344923382-garnj3b362hrctia9bq0211kb2kgbr05.apps.googleusercontent.com",
          "client_type": 3
        }
      ],
      "api_key": [
        {
          "current_key": "AIzaSyA6nCLP2P5hVah2ChGcgjtQR1DDUq59AOo"
        }
      ],
      "services": {
        "appinvite_service": {
          "other_platform_oauth_client": [
            {
              "client_id": "936344923382-garnj3b362hrctia9bq0211kb2kgbr05.apps.googleusercontent.com",
              "client_type": 3
            },
            {
              "client_id": "936344923382-nee9tafdjo4bqn99tj62e9onnkp6p6qs.apps.googleusercontent.com",
              "client_type": 2,
              "ios_info": {
                "bundle_id": "br.com.getit.calvin.ipbp"
              }
            }
          ]
        }
      }
    }
  ],
  "configuration_version": "1"
}