{
  "project_info": {
    "project_number": "808146775143",
    "project_id": "pigv-7b501",
    "storage_bucket": "pigv-7b501.appspot.com"
  },
  "client": [
    {
      "client_info": {
        "mobilesdk_app_id": "1:808146775143:android:1a3581c0488c4eddc238c2",
        "android_client_info": {
          "package_name": "br.com.getit.calvin.pigv"
        }
      },
      "oauth_client": [
        {
          "client_id": "808146775143-1rug23n2r4vu60q23eub472e6o9arbc2.apps.googleusercontent.com",
          "client_type": 3
        }
      ],
      "api_key": [
        {
          "current_key": "AIzaSyALRGDE1ovlaOVj1azNY08V6HzDo8fOvlQ"
        }
      ],
      "services": {
        "appinvite_service": {
          "other_platform_oauth_client": [
            {
              "client_id": "808146775143-1rug23n2r4vu60q23eub472e6o9arbc2.apps.googleusercontent.com",
              "client_type": 3
            }
          ]
        }
      }
    }
  ],
  "configuration_version": "1"
}