{
  "project_info": {
    "project_number": "705887064405",
    "firebase_url": "https://ipcg-987a0.firebaseio.com",
    "project_id": "ipcg-987a0",
    "storage_bucket": "ipcg-987a0.appspot.com"
  },
  "client": [
    {
      "client_info": {
        "mobilesdk_app_id": "1:705887064405:android:a90f09a8f35205e9badfdc",
        "android_client_info": {
          "package_name": "br.com.getit.calvin.ipcg"
        }
      },
      "oauth_client": [
        {
          "client_id": "705887064405-198s1t85bu6g5630cov52iikr42dqc3h.apps.googleusercontent.com",
          "client_type": 3
        }
      ],
      "api_key": [
        {
          "current_key": "AIzaSyDU1VrcYe1UKntH28E17cYxaTEjrs9pW5M"
        }
      ],
      "services": {
        "appinvite_service": {
          "other_platform_oauth_client": [
            {
              "client_id": "705887064405-198s1t85bu6g5630cov52iikr42dqc3h.apps.googleusercontent.com",
              "client_type": 3
            }
          ]
        }
      }
    }
  ],
  "configuration_version": "1"
}