{
  "project_info": {
    "project_number": "91891814012",
    "firebase_url": "https://ip-madalena.firebaseio.com",
    "project_id": "ip-madalena",
    "storage_bucket": "ip-madalena.appspot.com"
  },
  "client": [
    {
      "client_info": {
        "mobilesdk_app_id": "1:91891814012:android:11eda4ec6426b165bb03f9",
        "android_client_info": {
          "package_name": "br.com.getit.calvin.ipmadalena"
        }
      },
      "oauth_client": [
        {
          "client_id": "91891814012-0gpk8flsju5u1lqnbmii7go02qjo1d52.apps.googleusercontent.com",
          "client_type": 3
        }
      ],
      "api_key": [
        {
          "current_key": "AIzaSyDaNdiARBjMauDul3VBhA-Ua717iJbK9j0"
        }
      ],
      "services": {
        "appinvite_service": {
          "other_platform_oauth_client": [
            {
              "client_id": "91891814012-0gpk8flsju5u1lqnbmii7go02qjo1d52.apps.googleusercontent.com",
              "client_type": 3
            },
            {
              "client_id": "91891814012-cfpoaut80fp4h4g4lch3cuuhmkj0njli.apps.googleusercontent.com",
              "client_type": 2,
              "ios_info": {
                "bundle_id": "br.com.getit.calvin.ipmadalena"
              }
            }
          ]
        }
      }
    }
  ],
  "configuration_version": "1"
}