{
  "project_info": {
    "project_number": "1018745496027",
    "firebase_url": "https://ipplanalto-27926.firebaseio.com",
    "project_id": "ipplanalto-27926",
    "storage_bucket": "ipplanalto-27926.appspot.com"
  },
  "client": [
    {
      "client_info": {
        "mobilesdk_app_id": "1:1018745496027:android:9881c0116903e6597047fe",
        "android_client_info": {
          "package_name": "br.com.getit.calvin.ipplanalto"
        }
      },
      "oauth_client": [
        {
          "client_id": "1018745496027-3rl22cfqnjhn4urecdlgr6f9m5u9rl8h.apps.googleusercontent.com",
          "client_type": 3
        }
      ],
      "api_key": [
        {
          "current_key": "AIzaSyCoeiy8nFXrAVk5i-RYWyHaHRRPSKlRTmM"
        }
      ],
      "services": {
        "appinvite_service": {
          "other_platform_oauth_client": [
            {
              "client_id": "1018745496027-3rl22cfqnjhn4urecdlgr6f9m5u9rl8h.apps.googleusercontent.com",
              "client_type": 3
            },
            {
              "client_id": "1018745496027-4q8i19o545dtsva3r9rb4hgs6oueh061.apps.googleusercontent.com",
              "client_type": 2,
              "ios_info": {
                "bundle_id": "br.com.getit.calvin.ipplanalto"
              }
            }
          ]
        }
      }
    }
  ],
  "configuration_version": "1"
}