{"institucional":{"institucional":"Institucional","site":"Site","endereco":"Endereço","contatos":"Contatos","quem_somos":"Quem Somos","telefones":"Telefones","email":"E-mail","redes_sociais":{"youtube":"YouTube","twitter":"Twitter","facebook":"Facebook","pinterest":"Pinterest","google_plus":"Google Plus","instagram":"Instagram"}},"youtube":{"ao_vivo":"AO VIVO","historico_videos_cultos":"Histórico de Cultos e Vídeos","videos":"Cultos e Vídeos","clique_para_assistir":"Clique para assistir","proximos_videos_cultos":"Próximos Cultos e Vídeos "},"filtro":{"buscando":"Buscando...","conteudo":"Conteúdo","membros":"Membros","biblia":"Bíblia","placeholder":"Filtre por aqui...","hinos":"Hinos","descricao":"Você pode procurar por funcionalidades, por registros e até por membros.","funcionalidades":"Funcionalidades"},"inicio":{"pagina2":"Aqui você pode conhecer mais sobre nossa comunidade, nossas programações, notícias, etc.","pagina3":"Para começar, escolha o template que deseja utilizar. Não se preocupe, você pode trocar a qualquer momento em 'Preferências'","reativo":{"nome":"Menu em Abas","descricao":"Todas as funcionalidades organizadas em abas com um acesso mais dinâmico e rápido."},"pagina1":"Seja bem-vindo ao {nomeAplicativo}, o app da {nomeIgreja}","tradicional":{"nome":"Menu Lateral","descricao":"Utilize um menu lateral para ter acesso direto a qualquer uma das funcionalidades."}},"global":{"confirmacao_saida_app":"Aperte para voltar novamente para fechar do aplicativo.","cancelar":"Cancelar","ha_minutos":"há {minutos}min","busvar":"Buscar","paginacao":"{atual} de {total}","inicio":"Início","title":{"200":"Sucesso!","400":"Dados inválidos!","302":"Sem acesso à Internet","500":"Falha nossa!","403":"Não autorizado!","404":"Servidor fora do ar"},"mais":"MAIS","salvar":"Salvar","anterior":"Anterior","em_horas":"Em {horas}h","concluir":"Concluir","progresso_download":"{current} de {total}","ontem":"Ontem","enviar":"Enviar","proximo":"Próximo","sim":"Sim","puxe_para_mais":"Buscar mais resultados","voltar":"Voltar","tentar_novamente":"Tentar Novamente","fechar":"Fechar","mes":{"11":"Novembro","1":"Janeiro","12":"Dezembro","2":"Fevereiro","3":"Março","4":"Abril","5":"Maio","6":"Junho","7":"Julho","8":"Agosto","9":"Setembro","10":"Outubro"},"continuar":"Continuar","em_minutos":"Em {minutos}min","nao":"Não","amanha":"Amanhã","confirmar":"Confirmar","conectando":"Conectando...","puxe_para_atualizar":"Puxe para atualizar","nenhum_registro_encontrado":"Nenhum registro encontrado.","semana":{"1":"Dom","2":"Seg","3":"Ter","4":"Qua","5":"Qui","6":"Sex","7":"Sáb"},"clique_para_visualizar":"Clique aqui para visualizar","carregando":"Carregando...","menu":{"logut":"Realizar logout do aplicativo","alterar_senha":"Clique para alterar sua senha","menu":"Menu","login":"Página de Autenticação"},"realizando_upload":"Realizando upload...","realizando_download":"Realizando download...","progresso_upload":"{current} de {total}","home":"Início","caracteres_restantes":"Restam {quantidade} caracteres.","hoje":"Hoje","buscar":"Buscar","compartilhar":"Compartilhar","editar":"Editar","ha_horas":"há {horas}h","versao":"Versão","agora":"Agora"},"cifra":{"cifras":"Cânticos","paginacao":"{atual} de {total}","cifra":"Cântico"},"login":{"nova_senha":"Nova Senha","telefone":"Telefone","mensagem_cadastro":"Seu cadastro ficará aguardando aprovação da igreja e assim que for aprovado, uma mensagem com sua senha de acesso será enviada para o endereço de e-mail indicado.","escolher_galeria":"Escolher da Galeria","novo_cadastro":"Novo Cadastro","confirmacao_senha":"Confirmação","esqueci_senha":"Esqueci a Senha","nome":"Nome","mensagem_autenticacao":"O acesso é disponibilizado apenas aos membros cadastrados. Você pode solicitar seu cadastro acessando a opção de 'Novo Cadastro' abaixo.","cadastrar":"Solicitar Cadastro","password":"Senha","dados_usuario":"Dados de Usuário","redefinir_senha":"Redefinir Senha","autenticar":"Autenticar","alterar_senha":"Alterar Senha","tirar_foto":"Tirar Foto","email":"E-mail","username":"E-mail"},"preferencias":{"deseja_disponibilizar_dados":"Permitir que outros membros vejam meus dados","ministerios_interesse":"Receber Notificações de:","hora":{"_08_00":"08:00h","_20_00":"20:00h","_14_00":"14:00h"},"hora_lembrete_leitura":"Hora do lembrete de leitura","efetuar_logout":"Efetuar Logout","deseja_receber_versiculos":"Receber versículos diários","remover_conta":"Remover minha conta","hora_versiculo":"Hora do Versículo Diário","preferencias":"Preferências","todos_ministerios":"Todos os Ministérios","confirma_remover_conta":"Confirma a exclusão da sua conta? Essa ação não poderá ser desfeita.","logout":"Logout","politica_privacidade":"Política de Privacidade","deseja_receber_lembrete_devocionario":"Receber lembretes devocionais","privacidade":"Privacidade","trocar_template":"Template do App","outros":"Outros","devocionario":"Devocionais","versiculo_diario":"Versículo Diário","leitura_biblica":"Leitura Bíblica","deseja_receber_lembrete_leitura":"Receber lembrete de leitura bíblica","deseja_receber_notificacoes_video":"Receber notificações de vídeos"},"evento":{"telefone":"Telefone","inscricao":"Inscrição","cancelamento":"Cancelamento de Inscrição","total_inscricoes":"Total de Inscrições","inscrito":"Inscrito","eventos":"Eventos","minhas_inscricoes":"Minhas Inscrições","sem_vagas":"Vagas esgotadas","concluir_inscricao":"Concluir Inscrição","evento":"Evento","dataHoraInicio":"Início","dataHoraTerminoInscricao":"Término","email":"E-mail","dataHoraTermino":"Término","vagas":"Vagas","inscricoes_encerradas":"Inscrições encerradas","valor":"Valor (R$)","nome":"Nome","realizar_inscricao":"Realizar Inscrição","dataHoraInicioInscricao":"Início","valor_total":"Valor Total (R$)","vagas_esgotadas":"Esgotado","n_vagas_restantes":"{vagas} vagas","adicionar_inscrito":"Adicionar Inscrito","status_inscricao":{"PENDENTE":"Pendente","CANCELADA":"Cancelada","CONFIRMADA":"Confirmada"},"inscricoes_ainda_nao_disponiveis":"Ainda não disponível","comprovantes":"Comprovantes","vagas_restantes":"Vagas Restantes","uma_vaga_restante":"Uma vaga"},"validacao":{"data":"Data inválida.","confirmacaoSenha":"A confirmação da senha deve ser igual à nova senha.","dateRange":{"min":"Deve ser no mínimo {min}.","max":"Deve ser no máximo {max}."},"length":{"min":"Informe ao menos {min} caracteres.","max":"Informe no máximo {max} caracteres."},"range":{"min":"Deve ser no mínimo {min}.","max":"Deve ser no máximo {max}."},"notEmpty":"Campo obrigatório.","email":"E-mail inválido."},"notificacao":{"data_pattern":"dd MMMM yyyy","hoje":"Hoje","ontem":"Ontem","excluir":"Excluir","notificacoes":"Notificações","confirmacao_exclusao":"Confirmação de Exclusão","cancelar":"Cancelar","excluir_notificacoes":"Excluir notificações","titulo":"Título","selecionar_todos":"Selecionar Todos","excluir_todos":"Excluir Todos"},"biblia":{"sincronizando":"Sincronizando... {porcentagem}%","capitulos":"Capítulos","novo_testamento":"Novo Testamento","capitulo":"Capítulo {numero}","livros":"Livros","biblia":"Bíblia","velho_testamento":"Antigo Testamento","marcar":"Marcar","adicionar_marcador":"Marcar"},"audio":{"audios":"Áudios","duracao":"Duração","tocando":"Tocando"},"devocionario":{"devocionario":"Devocionais","nenhum_registro_dia":"Nenhum registro para o dia"},"culto":{"telefone":"Telefone","inscricao":"Inscrição","cancelamento":"Cancelamento de Inscrição","total_inscricoes":"Total de Inscrições","inscrito":"Inscrito","cultos":"Cultos","minhas_inscricoes":"Minhas Inscrições","sem_vagas":"Vagas esgotadas","concluir_inscricao":"Concluir Inscrição","dataHoraInicio":"Início","culto":"Culto","dataHoraTerminoInscricao":"Término","email":"E-mail","dataHoraTermino":"Término","vagas":"Vagas","inscricoes_encerradas":"Inscrições encerradas","valor":"Valor (R$)","nome":"Nome","realizar_inscricao":"Realizar Inscrição","dataHoraInicioInscricao":"Início","valor_total":"Valor Total (R$)","vagas_esgotadas":"Esgotado","n_vagas_restantes":"{vagas} vagas","adicionar_inscrito":"Adicionar Inscrito","status_inscricao":{"PENDENTE":"Pendente","CANCELADA":"Cancelada","CONFIRMADA":"Confirmada"},"inscricoes_ainda_nao_disponiveis":"Ainda não disponível","comprovantes":"Comprovantes","vagas_restantes":"Vagas Restantes","uma_vaga_restante":"Uma vaga"},"contato":{"amanha":"Amanhã","contatos":"Contatos","endereco":"Endereço","aniversariantes":"Aniversariantes","nome":"Nome","telefones":"Telefone(s)","hoje":"Hoje","nenhum_aniversariante_proximos_dias":"Nenhum aniversariante nos próximos dias.","visitante":"Visitante","aniversariantes_dia":"Aniversariantes do dia","contato":"Contato","pastor":"Pastor","email":"E-mail","adicionar_contato":"Adicionar Contato"},"estudo":{"estudos":"Estudos","paginacao":"{atual} de {total}","detalhar":"Mais","estudo":"Estudo"},"cantico":{"cantico":"Cântico","paginacao":"{atual} de {total}","canticos":"Cânticos"},"ebd":{"telefone":"Telefone","inscricao":"Inscrição","ebds":"Escola Bíblica Dominical","cancelamento":"Cancelamento de Inscrição","total_inscricoes":"Total de Inscrições","inscrito":"Inscrito","minhas_inscricoes":"Minhas Inscrições","sem_vagas":"Vagas esgotadas","concluir_inscricao":"Concluir Inscrição","dataHoraInicio":"Início","dataHoraTerminoInscricao":"Término","email":"E-mail","dataHoraTermino":"Término","vagas":"Vagas","inscricoes_encerradas":"Inscrições encerradas","ebd":"EBD","valor":"Valor (R$)","nome":"Nome","realizar_inscricao":"Realizar Inscrição","dataHoraInicioInscricao":"Início","valor_total":"Valor Total (R$)","vagas_esgotadas":"Esgotado","n_vagas_restantes":"{vagas} vagas","adicionar_inscrito":"Adicionar Inscrito","status_inscricao":{"PENDENTE":"Pendente","CANCELADA":"Cancelada","CONFIRMADA":"Confirmada"},"inscricoes_ainda_nao_disponiveis":"Ainda não disponível","comprovantes":"Comprovantes","vagas_restantes":"Vagas Restantes","uma_vaga_restante":"Uma vaga"},"calendario":{"salvar_evento":"Salvar Evento","agenda":"Agenda da Igreja","dia":"Dia {dia}"},"mensagens":{"MSG-608":"Houve um problema ao carregar o app. \nO administrador do app já foi notificado sobre o erro, porém, caso queira reforçar o pedido, envie um e-mail para suporte@getitmobilesolutions.com relatando o problema e detalhando o modelo do seu celular.","MSG-607":"Sistema PagSeguro indisponível. Tente novamente mais tarde.","MSG-606":"E-mail e/ou senha inválido(s)","MSG-605":"Sem conexão","MSG-604":"Dados inválidos.","MSG-603":"Chave de autenticação inválida.","MSG-404":"O servidor parece estar fora do ar. Aguarde alguns minutos e tente novamente.","MSG-602":"Dispositivo inválido.","MSG-029":"Solicitação enviada com sucesso. Você receberá uma confirmação do seu pastor em breve.","MSG-403":"Você não tem permissão para fazer isso.","MSG-601":"Igreja inválida.","MSG-028":"As inscrições para esse evento foram encerradas.","MSG-600":"Membro inválido.","MSG-302":"Parece que você está sem acesso à Internet. Verifique sua conexão e tente novamente.","MSG-500":"Houve um erro no processamento da sua requisição. Entre em contato conosco através do canal de sugestões e informe sobre a seguinte mensagem: '{mensagem}'.","MSG-025":"E-mail já cadastrado","MSG-002":"Alguns campos não foram preenchidos corretamente.","MSG-046":"Houve um problema ao tentar conectar com o YouTube. Tente novamente e se o problema persistir conecte o administrador do sistema.","MSG-001":"Ação efetuada com sucesso.","MSG-067":"Deseja cancelar sua inscrição?","MSG-066":"Houve um erro ao recuperar a foto. Verifique se o celular possui uma camera. Se o probema persistir contate o suporte através do canal e Sugestões.","MSG-065":"Selecione um Calendário","MSG-042":"Sua inscrição está quase concluída. Agora você será direcionado para o PagSeguro onde poderá realizar o pagamento da inscrição.","MSG-064":"Não foi possível salvar o evento no celular. Tente novamente e se o problema persistir envie-nos uma mensagem explicando o ocorrido através das Sugestões.","MSG-063":"Deseja salvar o evento '{evento}' no seu celular?","MSG-062":"Deseja realmente excluir as {quantidade} notificações selecionadas?","MSG-061":"Deseja realmente excluir todas as notificações?","MSG-038":"Sua solicitação foi enviada com sucesso. Você receberá um e-mail com os passos para redefinir sua senha","MSG-037":"O registro para o e-mail informado não foi encontrado. Certifique-se de que o e-mail está correto e tente novamente.","MSG-058":"Não foram encontrados calendários para adicionar o evento. Certifique-se de que há calendários disponíveis em seu celular.","MSG-035":"Deseja realmente cancelar o aconselhamento do dia {data} de {horaInicio} as {horaFim}? Essa ação não poderá ser desfeita.","MSG-057":"Cadastro realizado com sucesso. Assim que seu cadastro for aprovado, você receberá seus dados de acesso.","MSG-034":"Não existem mais vagas disponíveis para esse evento.","MSG-056":"Foto salva com sucesso na pasta de Downloads com o nome '{filename}'.","MSG-033":"Não existem horários disponíveis para esse pastor.","MSG-055":"Não foi possível salvar a foto. Verifique se você possui memória disponível no aparelho.","MSG-032":"Quantidade de votos inválida.","MSG-054":"Você já respondeu essa enquete. Aguarde o término do período para visualizar o resultado.","MSG-031":"Senha alterada com sucesso! Realize o login com sua nova senha.","MSG-053":"Os resultados estarão disponíveis após a enquete estar encerrada.","MSG-030":"A Confirmação da Senha não confere com a Nova Senha.","MSG-052":"Não foi possível salvar a foto. Tente novamente e se o problema persistir envie-nos uma mensagem explicando o ocorrido através das Sugestões."},"agenda":{"novo_agendamento":"Novo Aconselhamento","agendar":"Agendar","agendamentos":"Aconselhamentos","horario":"Horário","membro":"Membro","confirmar_agendamento":"Confirmar","nenhum_horario":"Nenhum horário disponível","telefones":"Telefones","proximos_agendamentos":"Próximos Aconselhamentos","sem_horarios_disponiveis":"Indisponibilidade de horários","cancelar_agendamento":"Cancelar","confirmacao_cancelamento":"Confirmação de Cancelamento","pastor":"Pastor","agendamento":"Aconselhamento","status":{"NAO_CONFIRMADO":"Não Confirmado","CONFIRMADO":"Confirmado","CONCLUIDO":"Concluído"}},"item_evento":{"comentar":"Comentar","compartilhar":"Compartilhar","curtir":"Curtir"},"noticia":{"noticias":"Notícias","paginacao":"{atual} de {total}","publicado_por":"Publicado por {autor}","detalhar":"Mais","noticia":"Notícia"},"oracao":{"data_pedido":"Pedido","data_atendimento":"Encaminhamento","submeter":"Enviar","atendido":"Atendido","pedido":"Pedido de Oração","oracoes":"Pedidos de Oração","nome":"Nome","pedidos":"Pedidos de Oração","pendente":"Pendente","ultimos_pedidos":"Últimos Pedidos","email":"E-mail"},"home":{"youtube":"Clique para acessar página do YouTube da igreja","website":"Clique para acessar a página web da igreja","novidades":"Novidades","acessar":"Acessar","facebook":"Clique para acessar página do Facebook da igreja","inicio":"Início","pinterest":"Clique para acessar página do Pinterest da igreja","google_plus":"Clique para acessar página do Google Plus da igreja","instagram":"Clique para acessar página do Instagram da igreja","bem_vindo":"Bem-vindo!","cadastrar":"Cadastrar","twitter":"Clique para acessar página do Twitter da igreja","bem_vindo_usuario":"Bem-vindo, {nome}!"},"publicacao":{"publicacao":"Publicação","publicacoes":"Publicações","paginacao":"{atual} de {total}"},"chamado":{"tipo":{"SUGESTAO":"Sugestão","tipo":"Tipo","ERRO":"Erro","RECLAMACAO":"Reclamação"},"descricao_explicacao":"Descreva o problema, sugestão ou reclamação.","submeter":"Enviar","solicitante":"Solicitante","chamados":"Sugestões","novo_chamado":"Nova Sugestão","atendimento":"Atendimento","descricao":"Descrição","chamado":"Sugestão","solicitacao":"Solicitação","email_solicitante":"E-mail do solicitante","enunciado":"Colabore com a evolução do nosso aplicativo {nomeAplicativo}","nome_solicitante":"Nome do solicitante","status":{"EM_ATENDIMENTO":"Em Atendimento","CANCELADO":"Cancelado","REJEITADO":"Rejeitado","ACEITO":"Aceito","EM_ANALISE":"Em Análise","CONCLUIDO":"Concluído","NOVO":"Novo"}},"votacao":{"concluir":"Concluir","resultado":"Resultado da Enquete","votacoes":"Enquetes","proximo":"Próximo","responder":"Responder","em_andamento":"Em Andamento","encerrada":"Encerrada","votos":"Distribuição das Respostas","questao":{"opcao":{"opcao":"Opção","branco":"Branco","nulo":"Nulo"},"voto":"Resposta","votos":"{quantidadeVotos} respostas","voto_index":"Resposta {index}"},"respondida":"Respondida","anterior":"Anterior","votar":"Responder"},"hino":{"sincronizando":"Sincronizando... {porcentagem}%","hino":"Hino {numero}","hinos":"Hinário"},"leitura":{"sincronizando":"Sincronizando... {porcentagem}%","progresso":"Progresso","em_dia":"Leitura em dia","concluida":"Concluída","selecionar_plano":"Selecionar Plano de Leitura","atrasada":"Leitura atrasada","trocar_plano_leitura":"Trocar Plano de Leitura","leitura_biblica":"Leitura Bíblica","nenhum_plano_ativo":"Nenhum plano de leitura selecionado.","planos_leitura":"Planos de Leitura"},"timeline":{"subtitle":{"FOTOS":"publicou uma galeria de fotos {data}","DOCUMENTO":"publicou um documento {data}","CULTO":"divulgou um culto {data}","NOTICIA":"publicou uma notícia {data}","VIDEO":"publicou um vídeo {data}","EBD":"divulgou um EBD {data}","EVENTO_CALENDARIO":"divulgou um evento {data}","PUBLICACAO":"adicionou uma publicação {data}","BOLETIM":"publicou um boletim {data}","EVENTO_INSCRICAO":"divulgou um evento {data}","AUDIO":"publicou um áudio {data}","ESTUDO":"publicou um estudo {data}"},"titulo":{"devocionario":"Devocional"},"label":{"youtube":"Vídeo","foto":"Galeria","audio":"Podcast","devocionario":"Devocional","boletim":"Boletim","noticia":"Notícia","estudo":"Estudo"},"comentario":{"escreva_aqui":"Escreva aqui...","data_hora":"Comentou em {data}","comentarios":"Comentários"},"descricao":{"devocionario":"Devocional do dia","boletim":"Boletim publicado para {data}","estudo":"Estudo publicado"}},"boletim":{"boletins":"Boletins","paginacao":"{atual} de {total}","boletim":"Boletim"},"config":{"pattern":{"date":"dd/MM/yyyy","hour":"HH:mm","dateHour":"dd/MM/yyyy HH:mm"},"mask":{"date":"99/99/9999","telefone":"(99) 99999 999?9","hour":"99:99","cep":"99.999-999"}},"fotos":{"data_atualizacao":"Atualizado em {data}","note_flickr":"Esse produto utiliza a API Flickr mas não é patrocionado nem certificado pela SmugMug, Inc.","galerias":"Galeria de Fotos","quantidade":"{qtde} fotos","fotos":"Fotos"},"termo_aceite":{"aceito_termo":"Aceito os termos","instrucao":"Para continuar utilizando o aplicativo, você deve aceitar os termos descritos a seguir. Caso não concorde, você pode optar por utilizar apenas o modo público do app.","nao_aceito_termos":"Não aceito os termos","termo_aceite":"Termos de Aceite"}}