{"config":{"pattern":{"date":"dd/MM/yyyy","dateHour":"dd/MM/yyyy HH:mm","hour":"HH:mm"},"mask":{"date":"99/99/9999","hour":"99:99","telefone":"(99) 99999 999?9","cep":"99.999-999"}},"global":{"versao":"Versão","carregando":"Carregando...","home":"Início","salvar":"Salvar","busvar":"Buscar","cancelar":"Cancelar","continuar":"Continuar","concluir":"Concluir","buscar":"Buscar","editar":"Editar","voltar":"Voltar","enviar":"Enviar","proximo":"Próximo","anterior":"Anterior","fechar":"Fechar","clique_para_visualizar":"Clique aqui para visualizar","confirmacao_saida_app":"Aperte para voltar novamente para fechar do aplicativo.","ha_minutos":"há {minutos}min","ha_horas":"há {horas}h","sim":"Sim","nao":"Não","hoje":"Hoje","agora":"Agora","em_minutos":"Em {minutos}min","em_horas":"Em {horas}h","amanha":"Amanhã","ontem":"Ontem","mais":"MAIS","confirmar":"Confirmar","compartilhar":"Compartilhar","realizando_upload":"Realizando upload...","realizando_download":"Realizando download...","conectando":"Conectando...","progresso_upload":"{current} de {total}","progresso_download":"{current} de {total}","paginacao":"{atual} de {total}","inicio":"Início","tentar_novamente":"Tentar Novamente","puxe_para_atualizar":"Puxe para atualizar","puxe_para_mais":"Buscar mais resultados","nenhum_registro_encontrado":"Nenhum registro encontrado.","caracteres_restantes":"Restam {quantidade} caracteres.","title":{"200":"Sucesso!","302":"Sem acesso à Internet","400":"Dados inválidos!","403":"Não autorizado!","404":"Servidor fora do ar","500":"Falha nossa!"},"menu":{"menu":"Menu","login":"Página de Autenticação","logut":"Realizar logout do aplicativo","alterar_senha":"Clique para alterar sua senha"},"mes":{"1":"Janeiro","2":"Fevereiro","3":"Março","4":"Abril","5":"Maio","6":"Junho","7":"Julho","8":"Agosto","9":"Setembro","10":"Outubro","11":"Novembro","12":"Dezembro"},"semana":{"1":"Dom","2":"Seg","3":"Ter","4":"Qua","5":"Qui","6":"Sex","7":"Sáb"}},"mensagens":{"MSG-001":"Ação efetuada com sucesso.","MSG-002":"Alguns campos não foram preenchidos corretamente.","MSG-025":"E-mail já cadastrado","MSG-028":"As inscrições para esse evento foram encerradas.","MSG-029":"Solicitação enviada com sucesso. Você receberá uma confirmação do seu pastor em breve.","MSG-030":"A Confirmação da Senha não confere com a Nova Senha.","MSG-031":"Senha alterada com sucesso! Realize o login com sua nova senha.","MSG-032":"Quantidade de votos inválida.","MSG-033":"Não existem horários disponíveis para esse pastor.","MSG-034":"Não existem mais vagas disponíveis para esse evento.","MSG-035":"Deseja realmente cancelar o aconselhamento do dia {data} de {horaInicio} as {horaFim}? Essa ação não poderá ser desfeita.","MSG-037":"O registro para o e-mail informado não foi encontrado. Certifique-se de que o e-mail está correto e tente novamente.","MSG-038":"Sua solicitação foi enviada com sucesso. Você receberá um e-mail com os passos para redefinir sua senha","MSG-042":"Sua inscrição está quase concluída. Agora você será direcionado para o PagSeguro onde poderá realizar o pagamento da inscrição.","MSG-046":"Houve um problema ao tentar conectar com o YouTube. Tente novamente e se o problema persistir conecte o administrador do sistema.","MSG-052":"Não foi possível salvar a foto. Tente novamente e se o problema persistir envie-nos uma mensagem explicando o ocorrido através das Sugestões.","MSG-053":"Os resultados estarão disponíveis após a enquete estar encerrada.","MSG-054":"Você já respondeu essa enquete. Aguarde o término do período para visualizar o resultado.","MSG-055":"Não foi possível salvar a foto. Verifique se você possui memória disponível no aparelho.","MSG-056":"Foto salva com sucesso na pasta de Downloads com o nome '{filename}'.","MSG-057":"Cadastro realizado com sucesso. Assim que seu cadastro for aprovado, você receberá seus dados de acesso.","MSG-058":"Não foram encontrados calendários para adicionar o evento. Certifique-se de que há calendários disponíveis em seu celular.","MSG-061":"Deseja realmente excluir todas as notificações?","MSG-062":"Deseja realmente excluir as {quantidade} notificações selecionadas?","MSG-063":"Deseja salvar o evento '{evento}' no seu celular?","MSG-064":"Não foi possível salvar o evento no celular. Tente novamente e se o problema persistir envie-nos uma mensagem explicando o ocorrido através das Sugestões.","MSG-065":"Selecione um Calendário","MSG-066":"Houve um erro ao recuperar a foto. Verifique se o celular possui uma camera. Se o probema persistir contate o suporte através do canal e Sugestões.","MSG-067":"Deseja cancelar sua inscrição?","MSG-302":"Parece que você está sem acesso à Internet. Verifique sua conexão e tente novamente.","MSG-403":"Você não tem permissão para fazer isso.","MSG-404":"O servidor parece estar fora do ar. Aguarde alguns minutos e tente novamente.","MSG-500":"Houve um erro no processamento da sua requisição. Entre em contato conosco através do canal de sugestões e informe sobre a seguinte mensagem: '{mensagem}'.","MSG-600":"Membro inválido.","MSG-601":"Igreja inválida.","MSG-602":"Dispositivo inválido.","MSG-603":"Chave de autenticação inválida.","MSG-604":"Dados inválidos.","MSG-605":"Sem conexão","MSG-606":"E-mail e/ou senha inválido(s)","MSG-607":"Sistema PagSeguro indisponível. Tente novamente mais tarde.","MSG-608":"Houve um problema ao carregar o app. \nO administrador do app já foi notificado sobre o erro, porém, caso queira reforçar o pedido, envie um e-mail para suporte@getitmobilesolutions.com relatando o problema e detalhando o modelo do seu celular."},"validacao":{"notEmpty":"Campo obrigatório.","email":"E-mail inválido.","confirmacaoSenha":"A confirmação da senha deve ser igual à nova senha.","data":"Data inválida.","length":{"min":"Informe ao menos {min} caracteres.","max":"Informe no máximo {max} caracteres."},"range":{"min":"Deve ser no mínimo {min}.","max":"Deve ser no máximo {max}."},"dateRange":{"min":"Deve ser no mínimo {min}.","max":"Deve ser no máximo {max}."}},"inicio":{"pagina1":"Seja bem-vindo ao {nomeAplicativo}, o app da {nomeIgreja}","pagina2":"Aqui você pode conhecer mais sobre nossa comunidade, nossas programações, notícias, etc.","pagina3":"Para começar, escolha o template que deseja utilizar. Não se preocupe, você pode trocar a qualquer momento em 'Preferências'","tradicional":{"nome":"Menu Lateral","descricao":"Utilize um menu lateral para ter acesso direto a qualquer uma das funcionalidades."},"reativo":{"nome":"Menu em Abas","descricao":"Todas as funcionalidades organizadas em abas com um acesso mais dinâmico e rápido."}},"timeline":{"label":{"boletim":"Boletim","audio":"Podcast","youtube":"Vídeo","noticia":"Notícia","estudo":"Estudo","foto":"Galeria","devocionario":"Devocional"},"descricao":{"boletim":"Boletim publicado para {data}","estudo":"Estudo publicado","devocionario":"Devocional do dia"},"titulo":{"devocionario":"Devocional"},"comentario":{"comentarios":"Comentários","data_hora":"Comentou em {data}","escreva_aqui":"Escreva aqui..."}},"home":{"inicio":"Início","bem_vindo":"Bem-vindo!","bem_vindo_usuario":"Bem-vindo, {nome}!","cadastrar":"Cadastrar","acessar":"Acessar","novidades":"Novidades","website":"Clique para acessar a página web da igreja","facebook":"Clique para acessar página do Facebook da igreja","twitter":"Clique para acessar página do Twitter da igreja","youtube":"Clique para acessar página do YouTube da igreja","pinterest":"Clique para acessar página do Pinterest da igreja","google_plus":"Clique para acessar página do Google Plus da igreja","instagram":"Clique para acessar página do Instagram da igreja"},"audio":{"audios":"Áudios","duracao":"Duração","tocando":"Tocando"},"login":{"password":"Senha","username":"E-mail","autenticar":"Autenticar","nova_senha":"Nova Senha","confirmacao_senha":"Confirmação","alterar_senha":"Alterar Senha","dados_usuario":"Dados de Usuário","esqueci_senha":"Esqueci a Senha","redefinir_senha":"Redefinir Senha","email":"E-mail","nome":"Nome","telefone":"Telefone","tirar_foto":"Tirar Foto","escolher_galeria":"Escolher da Galeria","novo_cadastro":"Novo Cadastro","cadastrar":"Solicitar Cadastro","mensagem_cadastro":"Seu cadastro ficará aguardando aprovação da igreja e assim que for aprovado, uma mensagem com sua senha de acesso será enviada para o endereço de e-mail indicado.","mensagem_autenticacao":"O acesso é disponibilizado apenas aos membros cadastrados. Você pode solicitar seu cadastro acessando a opção de 'Novo Cadastro' abaixo."},"institucional":{"institucional":"Institucional","email":"E-mail","site":"Site","telefones":"Telefones","endereco":"Endereço","quem_somos":"Quem Somos","contatos":"Contatos","redes_sociais":{"facebook":"Facebook","twitter":"Twitter","youtube":"YouTube","pinterest":"Pinterest","instagram":"Instagram","google_plus":"Google Plus"}},"contato":{"aniversariantes":"Aniversariantes","nenhum_aniversariante_proximos_dias":"Nenhum aniversariante nos próximos dias.","hoje":"Hoje","amanha":"Amanhã","contatos":"Contatos","pastor":"Pastor","visitante":"Visitante","adicionar_contato":"Adicionar Contato","contato":"Contato","nome":"Nome","email":"E-mail","telefones":"Telefone(s)","endereco":"Endereço"},"boletim":{"boletins":"Boletins","boletim":"Boletim","paginacao":"{atual} de {total}"},"publicacao":{"publicacoes":"Publicações","publicacao":"Publicação","paginacao":"{atual} de {total}"},"cifra":{"cifras":"Cânticos","cifra":"Cântico","paginacao":"{atual} de {total}"},"cantico":{"canticos":"Cânticos","cantico":"Cântico","paginacao":"{atual} de {total}"},"estudo":{"estudo":"Estudo","estudos":"Estudos","detalhar":"Mais","paginacao":"{atual} de {total}"},"noticia":{"noticia":"Notícia","noticias":"Notícias","detalhar":"Mais","publicado_por":"Publicado por {autor}","paginacao":"{atual} de {total}"},"votacao":{"votar":"Responder","votacoes":"Enquetes","responder":"Responder","proximo":"Próximo","anterior":"Anterior","concluir":"Concluir","encerrada":"Encerrada","em_andamento":"Em Andamento","respondida":"Respondida","resultado":"Resultado da Enquete","votos":"Distribuição das Respostas","questao":{"voto":"Resposta","voto_index":"Resposta {index}","votos":"{quantidadeVotos} respostas","opcao":{"opcao":"Opção","nulo":"Nulo","branco":"Branco"}}},"agenda":{"telefones":"Telefones","agendar":"Agendar","confirmacao_cancelamento":"Confirmação de Cancelamento","agendamento":"Aconselhamento","agendamentos":"Aconselhamentos","sem_horarios_disponiveis":"Indisponibilidade de horários","proximos_agendamentos":"Próximos Aconselhamentos","pastor":"Pastor","membro":"Membro","cancelar_agendamento":"Cancelar","confirmar_agendamento":"Confirmar","novo_agendamento":"Novo Aconselhamento","horario":"Horário","nenhum_horario":"Nenhum horário disponível","status":{"NAO_CONFIRMADO":"Não Confirmado","CONFIRMADO":"Confirmado","CONCLUIDO":"Concluído"}},"oracao":{"oracoes":"Pedidos de Oração","pedido":"Pedido de Oração","pedidos":"Pedidos de Oração","pendente":"Pendente","atendido":"Atendido","nome":"Nome","email":"E-mail","submeter":"Enviar","ultimos_pedidos":"Últimos Pedidos","data_pedido":"Pedido","data_atendimento":"Encaminhamento"},"culto":{"vagas":"Vagas","dataHoraInicioInscricao":"Início","dataHoraTerminoInscricao":"Término","cancelamento":"Cancelamento de Inscrição","dataHoraInicio":"Início","dataHoraTermino":"Término","inscricao":"Inscrição","culto":"Culto","sem_vagas":"Vagas esgotadas","cultos":"Cultos","realizar_inscricao":"Realizar Inscrição","valor":"Valor (R$)","inscricoes_ainda_nao_disponiveis":"Ainda não disponível","inscricoes_encerradas":"Inscrições encerradas","vagas_restantes":"Vagas Restantes","uma_vaga_restante":"Uma vaga","n_vagas_restantes":"{vagas} vagas","vagas_esgotadas":"Esgotado","inscrito":"Inscrito","nome":"Nome","email":"E-mail","valor_total":"Valor Total (R$)","total_inscricoes":"Total de Inscrições","telefone":"Telefone","adicionar_inscrito":"Adicionar Inscrito","concluir_inscricao":"Concluir Inscrição","minhas_inscricoes":"Minhas Inscrições","comprovantes":"Comprovantes","status_inscricao":{"CONFIRMADA":"Confirmada","PENDENTE":"Pendente","CANCELADA":"Cancelada"}},"evento":{"vagas":"Vagas","dataHoraInicioInscricao":"Início","dataHoraTerminoInscricao":"Término","cancelamento":"Cancelamento de Inscrição","dataHoraInicio":"Início","dataHoraTermino":"Término","inscricao":"Inscrição","evento":"Evento","sem_vagas":"Vagas esgotadas","eventos":"Eventos","realizar_inscricao":"Realizar Inscrição","valor":"Valor (R$)","inscricoes_ainda_nao_disponiveis":"Ainda não disponível","inscricoes_encerradas":"Inscrições encerradas","vagas_restantes":"Vagas Restantes","uma_vaga_restante":"Uma vaga","n_vagas_restantes":"{vagas} vagas","vagas_esgotadas":"Esgotado","inscrito":"Inscrito","nome":"Nome","email":"E-mail","valor_total":"Valor Total (R$)","total_inscricoes":"Total de Inscrições","telefone":"Telefone","adicionar_inscrito":"Adicionar Inscrito","concluir_inscricao":"Concluir Inscrição","minhas_inscricoes":"Minhas Inscrições","comprovantes":"Comprovantes","status_inscricao":{"CONFIRMADA":"Confirmada","PENDENTE":"Pendente","CANCELADA":"Cancelada"}},"ebd":{"vagas":"Vagas","dataHoraInicioInscricao":"Início","dataHoraTerminoInscricao":"Término","cancelamento":"Cancelamento de Inscrição","dataHoraInicio":"Início","dataHoraTermino":"Término","inscricao":"Inscrição","ebd":"EBD","sem_vagas":"Vagas esgotadas","ebds":"Escola Bíblica Dominical","realizar_inscricao":"Realizar Inscrição","valor":"Valor (R$)","inscricoes_ainda_nao_disponiveis":"Ainda não disponível","inscricoes_encerradas":"Inscrições encerradas","vagas_restantes":"Vagas Restantes","uma_vaga_restante":"Uma vaga","n_vagas_restantes":"{vagas} vagas","vagas_esgotadas":"Esgotado","inscrito":"Inscrito","nome":"Nome","email":"E-mail","valor_total":"Valor Total (R$)","total_inscricoes":"Total de Inscrições","telefone":"Telefone","adicionar_inscrito":"Adicionar Inscrito","concluir_inscricao":"Concluir Inscrição","minhas_inscricoes":"Minhas Inscrições","comprovantes":"Comprovantes","status_inscricao":{"CONFIRMADA":"Confirmada","PENDENTE":"Pendente","CANCELADA":"Cancelada"}},"chamado":{"chamado":"Sugestão","chamados":"Sugestões","descricao":"Descrição","solicitante":"Solicitante","nome_solicitante":"Nome do solicitante","email_solicitante":"E-mail do solicitante","enunciado":"Colabore com a evolução do nosso aplicativo {nomeAplicativo}","descricao_explicacao":"Descreva o problema, sugestão ou reclamação.","status":{"NOVO":"Novo","EM_ANALISE":"Em Análise","ACEITO":"Aceito","REJEITADO":"Rejeitado","EM_ATENDIMENTO":"Em Atendimento","CONCLUIDO":"Concluído","CANCELADO":"Cancelado"},"tipo":{"tipo":"Tipo","SUGESTAO":"Sugestão","ERRO":"Erro","RECLAMACAO":"Reclamação"},"novo_chamado":"Nova Sugestão","submeter":"Enviar","solicitacao":"Solicitação","atendimento":"Atendimento"},"hino":{"hino":"Hino {numero}","hinos":"Hinário","sincronizando":"Sincronizando... {porcentagem}%"},"preferencias":{"outros":"Outros","trocar_template":"Template do App","politica_privacidade":"Política de Privacidade","preferencias":"Preferências","devocionario":"Devocionais","versiculo_diario":"Versículo Diário","leitura_biblica":"Leitura Bíblica","todos_ministerios":"Todos os Ministérios","deseja_disponibilizar_dados":"Permitir que outros membros vejam meus dados","deseja_receber_versiculos":"Receber versículos diários","deseja_receber_lembrete_leitura":"Receber lembrete de leitura bíblica","deseja_receber_notificacoes_video":"Receber notificações de vídeos","deseja_receber_lembrete_devocionario":"Receber lembretes devocionais","hora_versiculo":"Hora do Versículo Diário","hora_lembrete_leitura":"Hora do lembrete de leitura","ministerios_interesse":"Receber Notificações de:","logout":"Logout","efetuar_logout":"Efetuar Logout","hora":{"_08_00":"08:00h","_14_00":"14:00h","_20_00":"20:00h"}},"notificacao":{"notificacoes":"Notificações","confirmacao_exclusao":"Confirmação de Exclusão","data_pattern":"dd MMMM yyyy","hoje":"Hoje","titulo":"Título","ontem":"Ontem","excluir":"Excluir","cancelar":"Cancelar","selecionar_todos":"Selecionar Todos","excluir_notificacoes":"Excluir notificações","excluir_todos":"Excluir Todos"},"youtube":{"videos":"Cultos e Vídeos","ao_vivo":"AO VIVO","clique_para_assistir":"Clique para assistir","proximos_videos_cultos":"Próximos Cultos e Vídeos ","historico_videos_cultos":"Histórico de Cultos e Vídeos"},"calendario":{"agenda":"Agenda da Igreja","dia":"Dia {dia}","salvar_evento":"Salvar Evento"},"biblia":{"biblia":"Bíblia","livros":"Livros","capitulos":"Capítulos","velho_testamento":"Antigo Testamento","novo_testamento":"Novo Testamento","sincronizando":"Sincronizando... {porcentagem}%","capitulo":"Capítulo {numero}","marcar":"Marcar","adicionar_marcador":"Marcar"},"leitura":{"leitura_biblica":"Leitura Bíblica","planos_leitura":"Planos de Leitura","sincronizando":"Sincronizando... {porcentagem}%","em_dia":"Leitura em dia","atrasada":"Leitura atrasada","progresso":"Progresso","concluida":"Concluída","trocar_plano_leitura":"Trocar Plano de Leitura"},"fotos":{"galerias":"Galeria de Fotos","fotos":"Fotos","quantidade":"{qtde} fotos","data_atualizacao":"Atualizado em {data}","note_flickr":"Esse produto utiliza a API Flickr mas não é patrocionado nem certificado pela SmugMug, Inc."},"devocionario":{"devocionario":"Devocionais"},"termo_aceite":{"termo_aceite":"Termo de Aceite","instrucao":"Para continuar utilizando o aplicativo, você deve aceitar os termos descritos a seguir. Caso não concorde, você pode optar por utilizar apenas o modo público do app.","aceito_termo":"Aceito os termos","nao_aceito_termo":"Não aceito os termos"}}